Nama Koperasi,Kecamatan,Desa,lat,lon,Progres Pembangunan (%),Kategori Pembangunan,jarak_faskes_m,jarak_pendidikan_m,jarak_jalan_m,jarak_pemukiman_m,faskes_500m,faskes_1km,pendidikan_500m,pendidikan_1km,skor_rentan,kategori_rentan
KOPERASI DESA MERAH PUTIH LEDUG KECAMATAN KEMBARAN KABUPATEN BANYUMAS,Kembaran,Ledug,-7.42665842,109.2748667,100.0,100%,1351.506725219429,682.1910280991249,244.4426374118925,93.76053171848552,0,0,0,1,0.0002918177753399212,Rendah
KOPERASI DESA MERAH PUTIH JIPANG KECAMATAN KARANGLEWAS KABUPATEN BANYUMAS,Karanglewas,Jipang,-7.40139,109.191585,100.0,100%,4072.0630785112894,1894.997912935892,965.8557695237571,50.98145804048994,0,0,0,0,0.0010735319478896801,Rendah
KOPERASI DESA MERAH PUTIH SUSUKAN KECAMATAN SUMBANG KABUPATEN BANYUMAS,Sumbang,Susukan,-7.364630982,109.2902862,100.0,100%,3334.2843462791566,2453.6612596635123,1867.62717488987,22.139965264858223,0,0,0,0,0.0011572831860740982,Rendah
KOPERASI DESA MERAH PUTIH SROWOT KECAMATAN KALIBAGOR KABUPATEN BANYUMAS,Kalibagor,Srowot,-7.508081457,109.3211792,100.0,100%,3333.465833339186,3093.4189788855037,5059.597524729069,123.60624614567443,0,0,0,0,0.0017499130561818234,Rendah
KOPERASI DESA MERAH PUTIH GENTAWANGI KECAMATAN JATILAWANG KABUPATEN BANYUMAS,Jatilawang,Gentawangi,-7.52340607,109.1244994,100.0,100%,8243.060339464437,1541.9487138932273,12077.309321966333,161.0222206065884,0,0,0,0,0.0034741077761778908,Rendah
KOPERASI DESA MERAH PUTIH KETENGER KECAMATAN BATURRADEN KABUPATEN BANYUMAS,Baturraden,Ketenger,-7.303035484,109.2122527,100.0,100%,4217.505774126062,2664.0881681640044,2349.2899400191423,785.9685740559596,0,0,0,0,0.0015152911321907234,Rendah
KOPERASI DESA MERAH PUTIH KALISOGRA WETAN KECAMATAN KALIBAGOR KABUPATEN BANYUMAS,Kalibagor,Kalisogra Wetan,-7.452219079,109.3235627,100.0,100%,948.5289708931398,646.0185906612148,1077.5342357756945,25.14721813266659,0,1,0,1,0.00033104593431316316,Rendah
KOPERASI DESA MERAH PUTIH KUNTILI KECAMATAN SUMPIUH KABUPATEN BANYUMAS,Sumpiuh,Kuntili,-7.6208934,109.3469946,100.0,100%,11388.391652672446,11738.552302659808,16049.419843381806,3.8149038879923753,0,0,0,0,0.006171917127474111,Rendah
KOPERASI DESA MERAH PUTIH KEMBARAN KECAMATAN KEMBARAN KABUPATEN BANYUMAS,Kembaran,Kembaran,-7.411884873,109.2891833,100.0,100%,1650.9360545833144,1372.5508065799831,309.7510427081135,149.10994110005677,0,0,0,0,0.00046734401619989555,Rendah
KOPERASI DESA MERAH PUTIH PREMBUN KECAMATAN TAMBAK KABUPATEN BANYUMAS,Tambak,Prembun,-7.6308009,109.4143741,100.0,100%,16907.827132482078,17110.22677099791,21847.59848073417,94.20670118048045,0,0,0,0,0.008876883458985458,Rendah
KOPERASI DESA MERAH PUTIH KALITAPEN KECAMATAN PURWOJATI KABUPATEN BANYUMAS,Purwojati,Kalitapen,-7.378898,109.25709,100.0,100%,3497.1955065342386,1115.8098710915735,917.9517506880323,90.05196192550251,0,0,0,0,0.0008486527949222797,Rendah
KOPERASI DESA MERAH PUTIH JATISABA KECAMATAN CILONGOK KABUPATEN BANYUMAS,Cilongok,Jatisaba,-7.434605,109.128733,100.0,100%,6025.177272635877,4306.575899030615,8066.997990479118,237.07783934854916,0,0,0,0,0.0028917470399885525,Rendah
KOPERASI DESA MERAH PUTIH LESMANA KECAMATAN AJIBARANG KABUPATEN BANYUMAS,Ajibarang,Lesmana,-7.374833,109.231147,100.0,100%,4372.917153673303,1586.4875214215363,441.23893128523036,8.963706116388856,0,0,0,0,0.000996857284861723,Rendah
KOPERASI DESA MERAH PUTIH KARANGSALAM KIDUL KECAMATAN KEDUNGBANTENG KABUPATEN BANYUMAS,Kedungbanteng,Karangsalam Kidul,7.612223,109.325529,100.0,100%,1652812.852581976,1650958.5668505388,1650231.8689617673,1646040.996849752,0,0,0,0,1.0,Tinggi
KOPERASI DESA MERAH PUTIH PASINGGANGAN KECAMATAN BANYUMAS KABUPATEN BANYUMAS,Banyumas,Pasinggangan,-7.471747,109.205289,100.0,100%,2027.5193880306797,4493.756675113566,3255.530090892935,10.438849575884706,0,0,0,0,0.001437785581164543,Rendah
KOPERASI DESA MERAH PUTIH DUKUHWALUH KECAMATAN KEMBARAN KABUPATEN BANYUMAS,Kembaran,Dukuhwaluh,-7.40939,109.269227,100.0,100%,572.1336274799369,602.917474874889,655.4134549729702,10.04985944101243,0,1,0,1,0.0001903935239249961,Rendah
KOPERASI DESA MERAH PUTIH SOKAWERA KECAMATAN SOMAGEDE KABUPATEN BANYUMAS,Somagede,Sokawera,-7.5204,109.308975,100.0,100%,1417.7567894397325,1696.3887959363221,5287.382838273882,23.201478081174326,0,0,0,0,0.001212839830144156,Rendah
KOPERASI DESA MERAH PUTIH KANDING KECAMATAN SOMAGEDE KABUPATEN BANYUMAS,Somagede,Kanding,-7.516333,109.340432,100.0,100%,4713.096266905823,3176.1650149430448,6911.123891715694,30.389478945299988,0,0,0,0,0.0022821138976829424,Rendah
KOPERASI DESA MERAH PUTIH PAJERUKAN KECAMATAN KALIBAGOR KABUPATEN BANYUMAS,Kalibagor,Pajerukan,-7.473034,109.308856,100.0,100%,2034.860123069137,1108.4758185518704,1012.6446408288673,32.42429190430657,0,0,0,0,0.0005893721252597386,Rendah
KOPERASI DESA MERAH PUTIH PEJOGOL KECAMATAN CILONGOK KABUPATEN BANYUMAS,Cilongok,Pejogol,-7.428019,109.176441,100.0,100%,5373.61275932423,3066.670822716378,2776.039042040897,3.0098530957082357,0,0,0,0,0.0017556845885914178,Rendah
KOPERASI DESA MERAH PUTIH SUNYALANGU KECAMATAN KARANGLEWAS KABUPATEN BANYUMAS,Karanglewas,Sunyalangu,-7.366513,109.174111,100.0,100%,7678.965309539613,5902.784459160634,1149.8352341313532,13.69769856923441,0,0,0,0,0.0023586666523645753,Rendah
KOPERASI DESA MERAH PUTIH PAPRINGAN KECAMATAN BANYUMAS KABUPATEN BANYUMAS,Banyumas,Papringan,-7.506284,109.248367,100.0,100%,4234.140452469301,5091.550614600613,1957.1999603110683,6.540644773613382,0,0,0,0,0.0017317949888177838,Rendah
KOPERASI DESA MERAH PUTIH BABAKAN KECAMATAN KARANGLEWAS KABUPATEN BANYUMAS,Karanglewas,Babakan,-7.382737,109.186917,100.0,100%,5715.6408963765925,3726.5937056479106,1428.428235618244,20.477371657663905,0,0,0,0,0.0017156812970218077,Rendah
KOPERASI DESA MERAH PUTIH MANDIRANCAN KECAMATAN KEBASEN KABUPATEN BANYUMAS,Kebasen,Mandirancan,-7.503641,109.229784,100.0,100%,2388.520796516123,4758.571325000742,1538.327320619997,186.12249094696318,0,0,0,0,0.0013046285175393074,Rendah
KOPERASI DESA MERAH PUTIH SOKARAJA WETAN KECAMATAN SOKARAJA KABUPATEN BANYUMAS,Sokaraja,Sokaraja Wetan,-7.454977,109.304635,100.0,100%,542.8549577681658,493.724651413237,373.39210692598726,12.677004557610067,0,1,1,5,0.00012613649075849257,Rendah
KOPERASI DESA MERAH PUTIH GUMELAR KECAMATAN GUMELAR KABUPATEN BANYUMAS,Gumelar,Gumelar,-7.373486,108.978213,100.0,100%,11919.380841703955,754.9798613715835,22753.296601733437,13.76688564023039,0,0,0,1,0.005621924080667818,Rendah
KOPERASI DESA MERAH PUTIH SAMBENG KULON KECAMATAN KEMBARAN KABUPATEN BANYUMAS,Kembaran,Sambeng Kulon,-7.405459503,109.3023893,100.0,100%,1810.315139679452,1426.3278176465226,824.416256240099,220.97073241876424,0,0,0,0,0.0005911269189418787,Rendah
KOPERASI DESA MERAH PUTIH LEBENG KECAMATAN SUMPIUH KABUPATEN BANYUMAS,Sumpiuh,Lebeng,-7.599445,109.343995,100.0,100%,9162.084771183416,9561.909279753014,13941.902342174828,29.080266039781197,0,0,0,0,0.005121872696086032,Rendah
KOPERASI DESA MERAH PUTIH KUTALIMAN KECAMATAN KEDUNGBANTENG KABUPATEN BANYUMAS,Kedungbanteng,Kutaliman,-7.36405,109.213657,100.0,100%,4139.852519405401,2838.8457607377577,992.6616244197859,51.96238497986263,0,0,0,0,0.0012329460926355225,Rendah
KOPERASI DESA MERAH PUTIH TAMANSARI KECAMATAN KARANGLEWAS KABUPATEN BANYUMAS,Karanglewas,Tamansari,-7.438811,109.189509,100.0,100%,4433.649157971636,2880.9501676512355,1729.7848143777917,15.742378807052667,0,0,0,0,0.0013999367756208463,Rendah
KOPERASI DESA MERAH PUTIH PANDANSARI KECAMATAN AJIBARANG KABUPATEN BANYUMAS,Ajibarang,Pandansari,-7.397196,108.051142,100.0,100%,113505.8201741785,103149.4965306404,125188.22566494039,93118.46566582142,0,0,0,0,0.06640336439583183,Rendah
KOPERASI DESA MERAH PUTIH KALIORI KECAMATAN KALIBAGOR KABUPATEN BANYUMAS,Kalibagor,Kaliori,-7.502011,109.291565,100.0,100%,2918.646682621387,1517.4392802395691,2907.387563840945,3.757313405855204,0,0,0,0,0.0010953322845680825,Rendah
KOPERASI DESA MERAH PUTIH KARANGKEMIRI KECAMATAN KARANGLEWAS KABUPATEN BANYUMAS,Karanglewas,Karangkemiri,-7.421225,109.182055,100.0,100%,4660.93940161716,2210.2498250258236,2029.0596339908666,3.570240417746903,0,0,0,0,0.0013835023960340088,Rendah
KOPERASI DESA MERAH PUTIH BANTERAN KECAMATAN SUMBANG KABUPATEN BANYUMAS,Sumbang,Banteran,-7.362684,109.260358,100.0,100%,4256.397583120337,93.99074525129355,28.736597651215483,16.91366789977414,0,0,2,4,0.0006881676278728013,Rendah
KOPERASI DESA MERAH PUTIH KARANGTENGAH KECAMATAN CILONGOK KABUPATEN BANYUMAS,Cilongok,Karangtengah,-7.350954,109.124461,100.0,100%,8520.78034856009,4873.482883069616,6716.3831837545895,84.18329868879664,0,0,0,0,0.0032075246883411335,Rendah
KOPERASI DESA MERAH PUTIH GRUJUGAN KECAMATAN KEMRANJEN KABUPATEN BANYUMAS,Kemranjen,Grujugan,-7.612184583,109.2680809,100.0,100%,9478.35864246,9625.524251736464,12314.927037955536,9.6860659819445,0,0,0,0,0.004940093596368897,Rendah
KOPERASI DESA MERAH PUTIH REMPOAH KECAMATAN BATURRADEN KABUPATEN BANYUMAS,Baturraden,Rempoah,-7.364450951,109.2372565,100.0,100%,3434.0595151031316,288.2049153544702,251.01945204210818,110.71432011479469,0,0,12,12,0.000613338891341381,Rendah
KOPERASI DESA MERAH PUTIH KEDUNGPRING KECAMATAN KEMRANJEN KABUPATEN BANYUMAS,Kemranjen,Kedungpring,-7.6021738,109.331884,100.0,100%,8800.792355133908,9120.735155695196,13401.601173796593,393.86598564666525,0,0,0,0,0.004951936176424435,Rendah
KOPERASI DESA MERAH PUTIH LUMBIR KECAMATAN LUMBIR KABUPATEN BANYUMAS,Lumbir,Lumbir,-7.4444872,108.9496451,100.0,100%,14665.54923953435,8999.282511767275,27391.919302606195,4.2306654260631085,0,0,0,0,0.008070540775032827,Rendah
KOPERASI DESA MERAH PUTIH BANTERAN KECAMATAN WANGON KABUPATEN BANYUMAS,Wangon,Banteran,-7.50399134,109.068191,100.0,100%,10136.021992944728,6285.222078698939,16699.407077076088,11.935321191870095,0,0,0,0,0.005218193828734725,Rendah
KOPERASI DESA MERAH PUTIH KALICUPAK KIDUL KECAMATAN KALIBAGOR KABUPATEN BANYUMAS,Kalibagor,Kalicupak Kidul,-7.459519582,109.3272828,100.0,100%,1828.145855070977,1218.5774253186348,1936.1440362565934,58.60586246037567,0,0,0,0,0.0007115999854289754,Rendah
KOPERASI DESA MERAH PUTIH PEKAJA KECAMATAN KALIBAGOR KABUPATEN BANYUMAS,Kalibagor,Pekaja,-7.478885119,109.2765208,100.0,100%,2243.826575898584,2371.3060182911972,1228.2006277820626,125.93004995060566,0,0,0,0,0.0008625596894994662,Rendah
KOPERASI DESA MERAH PUTIH PLIKEN KECAMATAN KEMBARAN KABUPATEN BANYUMAS,Kembaran,Pliken,-7.432034265,109.2899708,100.0,100%,2229.956333181685,1710.6089317783903,461.0356655146569,13.154266510046336,0,0,0,0,0.0006300673719244535,Rendah
KOPERASI DESA MERAH PUTIH KEMUTUG LOR KECAMATAN BATURRADEN KABUPATEN BANYUMAS,Baturraden,Kemutug Lor,-7.293027865,109.2265056,100.0,100%,4575.887584767283,2687.563199679126,2512.6658504196716,1040.4568541982069,0,0,0,0,0.0016395888643942987,Rendah
KOPERASI DESA MERAH PUTIH KALIBAGOR KECAMATAN KALIBAGOR KABUPATEN BANYUMAS,Kalibagor,Kalibagor,-7.480045646,109.2995621,100.0,100%,2566.134820500706,1889.3777972620428,1215.0086585761437,7.705287449133892,0,0,0,0,0.0008317396439651919,Rendah
KOPERASI DESA MERAH PUTIH KETANDA KECAMATAN SUMPIUH KABUPATEN BANYUMAS,Sumpiuh,Ketanda,-7.585644,109.348187,100.0,100%,8205.800597215328,8678.983950409074,13102.836857038206,31.960421538429298,0,0,0,0,0.004687776130796782,Rendah
KOPERASI DESA MERAH PUTIH BANJARSARI KECAMATAN AJIBARANG KABUPATEN BANYUMAS,Ajibarang,Banjarsari,-7.414182,109.112624,100.0,100%,3752.713562131773,2005.1893852198702,9685.342647861979,58.28977525807848,0,0,0,0,0.0023540940775646324,Rendah
KOPERASI DESA MERAH PUTIH CIBANGKONG KECAMATAN PEKUNCEN KABUPATEN BANYUMAS,Pekuncen,Cibangkong,-7.392502,109.046187,100.0,100%,4239.217086853126,3555.991688552078,15557.783973581458,8.631137631283488,0,0,0,0,0.0035608841049790427,Rendah
KOPERASI DESA MERAH PUTIH SUDAGARAN KECAMATAN BANYUMAS KABUPATEN BANYUMAS,Banyumas,Sudagaran,-7.518636,109.293576,100.0,100%,1098.8839317704767,15.408278313320434,3692.5410163249703,1.6276124335342732,0,0,4,4,0.0006561598517930186,Rendah
KOPERASI DESA MERAH PUTIH CIHONJE KECAMATAN GUMELAR KABUPATEN BANYUMAS,Gumelar,Cihonje,-7.396113,108.993284,100.0,100%,9609.007208906283,2941.593580397154,21370.988766838283,124.17292399864446,0,0,0,0,0.005337549263096655,Rendah
KOPERASI DESA MERAH PUTIH GUNUNGLURAH KECAMATAN CILONGOK KABUPATEN BANYUMAS,Cilongok,Gununglurah,-7.377036852,109.1535303,100.0,100%,9055.18611688979,4250.373053220267,3693.0042624152793,12.203397718742131,0,0,0,0,0.002743422032363285,Rendah
KOPERASI DESA MERAH PUTIH KALICUPAK LOR KECAMATAN KALIBAGOR KABUPATEN BANYUMAS,Kalibagor,Kalicupak Lor,-7.455923566,109.3271999,100.0,100%,1449.3436223143788,1145.1283274694597,1647.799847478902,106.75572334427757,0,0,0,0,0.0005938664696220996,Rendah
KOPERASI DESA MERAH PUTIH SURO KECAMATAN KALIBAGOR KABUPATEN BANYUMAS,Kalibagor,Suro,-7.492747,109.3071467,100.0,100%,4045.9128528129,2895.125393133608,2762.8983329632424,191.72886140164024,0,0,0,0,0.0015095787943425467,Rendah
KOPERASI DESA MERAH PUTIH MARGASANA KECAMATAN JATILAWANG KABUPATEN BANYUMAS,Jatilawang,Margasana,-7.53224908,109.1387989,100.0,100%,6583.794462011543,1958.377392857712,10968.47954225772,301.7313421546437,0,0,0,0,0.0030850097624777607,Rendah
KOPERASI DESA MERAH PUTIH CILONGOK KECAMATAN CILONGOK KABUPATEN BANYUMAS,Cilongok,Cilongok,-7.409165091,109.1440405,100.0,100%,7231.098995298241,3070.5832410276744,6283.93564108655,234.67255465482427,0,0,0,0,0.002653119607340519,Rendah
KOPERASI DESA MERAH PUTIH RAWALO KECAMATAN RAWALO KABUPATEN BANYUMAS,Rawalo,Rawalo,-7.535189,109.178191,100.0,100%,2236.8427597564946,283.89943120289195,7495.043749500659,7.684224323100815,0,0,4,7,0.0014802360959060897,Rendah
KOPERASI DESA MERAH PUTIH KALIPUTIH KECAMATAN PURWOJATI KABUPATEN BANYUMAS,Purwojati,Kaliputih,-7.463669,109.13495,100.0,100%,8372.229816642823,5827.837673687434,8201.70334004885,4.432800471652835,0,0,0,0,0.0035404000438811313,Rendah
KOPERASI DESA MERAH PUTIH KEBOCORAN KECAMATAN KEDUNGBANTENG KABUPATEN BANYUMAS,Kedungbanteng,Kebocoran,-7.392571,109.209513,100.0,100%,3285.765546821223,1054.4556739268273,902.2116613333319,44.937367310658686,0,0,0,0,0.000793106875184526,Rendah
KOPERASI DESA MERAH PUTIH GANDATAPA KECAMATAN SUMBANG KABUPATEN BANYUMAS,Sumbang,Gandatapa,-7.34179,109.267565,100.0,100%,3682.946135425905,1714.977236074403,1087.774668931052,24.85832097669,0,0,0,0,0.0009909165958663286,Rendah
KOPERASI DESA MERAH PUTIH KLAHANG KECAMATAN SOKARAJA KABUPATEN BANYUMAS,Sokaraja,Klahang,-7.442964,109.31349,100.0,100%,989.0039702518324,185.11392619900687,313.48899045423735,34.844149362509725,0,1,2,17,0.00015402879882109357,Rendah
KOPERASI DESA MERAH PUTIH KEBANGGAN KECAMATAN SUMBANG KABUPATEN BANYUMAS,Sumbang,Kebanggan,-7.380195,109.261371,100.0,100%,3439.3596927768226,1404.865990810268,585.4835022611304,17.777394203801062,0,0,0,0,0.0008227735970701802,Rendah
KOPERASI DESA MERAH PUTIH TAMBAKNEGARA KECAMATAN RAWALO KABUPATEN BANYUMAS,Rawalo,Tambaknegara,-7.514477,109.193989,100.0,100%,2213.7116830414516,1792.088817136939,4695.949019482122,682.723536348374,0,0,0,0,0.0013623859918314852,Rendah
KOPERASI DESA MERAH PUTIH GAMBARSARI KECAMATAN KEBASEN KABUPATEN BANYUMAS,Kebasen,Gambarsari,-7.526666,109.211222,100.0,100%,1448.389559603712,1540.9639209001136,4507.635001489076,42.922815258557314,0,0,0,0,0.0010791331481463055,Rendah
KOPERASI DESA MERAH PUTIH PURWOSARI KECAMATAN BATURRADEN KABUPATEN BANYUMAS,Baturraden,Purwosari,-7.39329,109.229668,100.0,100%,2328.892669246553,604.0628968804488,324.6193213286033,3.961871511140902,0,0,0,3,0.000458684855154226,Rendah
KOPERASI DESA MERAH PUTIH PANGEBATAN KECAMATAN KARANGLEWAS KABUPATEN BANYUMAS,Karanglewas,Pangebatan,-7.437,109.206212,100.0,100%,2842.7483424991797,1300.7199615838458,427.7421068974922,9.046199365896557,0,0,0,0,0.000673719060510369,Rendah
KOPERASI DESA MERAH PUTIH KEBARONGAN KECAMATAN KEMRANJEN KABUPATEN BANYUMAS,Kemranjen,Kebarongan,-7.592513,109.290186,100.0,100%,6926.102861584845,7034.488685946545,10502.257981430554,3.966327272430256,0,0,0,0,0.003809019999175384,Rendah
KOPERASI DESA MERAH PUTIH PESANTREN KECAMATAN TAMBAK KABUPATEN BANYUMAS,Tambak,Pesantren,-7.616932,109.42207,100.0,100%,16613.624118928034,16118.91583907757,21209.81692217527,368.4244661706402,0,0,0,0,0.008610049518501148,Rendah
KOPERASI DESA MERAH PUTIH KARANGNANAS KECAMATAN SOKARAJA KABUPATEN BANYUMAS,Sokaraja,Karangnanas,-7.460907,109.260262,100.0,100%,1268.949496143865,199.22459139796203,371.4973508154036,34.698926216880636,0,0,2,3,0.00021576520805274344,Rendah
KOPERASI DESA MERAH PUTIH DAWUHAN KULON KECAMATAN KEDUNGBANTENG KABUPATEN BANYUMAS,Kedungbanteng,Dawuhan Kulon,-7.378605,109.190367,100.0,100%,5789.034496205358,3665.0678419609344,1107.872914257165,12.34819855381147,0,0,0,0,0.0016701397383237682,Rendah
KOPERASI DESA MERAH PUTIH KARANGGINTUNG KECAMATAN SUMBANG KABUPATEN BANYUMAS,Sumbang,Karanggintung,-7.378225,109.249194,100.0,100%,3586.5688501397826,897.8866156086331,1034.8020309226504,31.063101809402102,0,0,0,1,0.0008424153880506496,Rendah
KOPERASI DESA MERAH PUTIH LANGGONGSARI KECAMATAN CILONGOK KABUPATEN BANYUMAS,Cilongok,Langgongsari,-7.404197,109.16838,100.0,100%,6364.3709512521145,3840.1251650499753,3543.3515422457144,4.527697725821038,0,0,0,0,0.0021691275525705404,Rendah
KOPERASI DESA MERAH PUTIH SOMAGEDE KECAMATAN SOMAGEDE KABUPATEN BANYUMAS,Somagede,Somagede,-7.525607,109.330369,100.0,100%,3402.7106519325353,4058.924236996228,7194.164654293315,129.82669153469308,0,0,0,0,0.0022328260812615923,Rendah
KOPERASI DESA MERAH PUTIH PANDAK KECAMATAN BATURRADEN KABUPATEN BANYUMAS,Baturraden,Pandak,-7.379227,109.241389,97.09,> 75%,3700.134104477091,1247.1888429392206,480.29192553202114,12.092774754724472,0,0,0,0,0.0008296182759093633,Rendah
KOPERASI DESA MERAH PUTIH TUMIYANG KECAMATAN PEKUNCEN KABUPATEN BANYUMAS,Pekuncen,Tumiyang,-7.322002,109.120991,96.78,> 75%,11092.851114286335,8045.072524138464,7765.311530621738,1904.7866233402644,0,0,0,0,0.004534919710567269,Rendah
KOPERASI DESA MERAH PUTIH KEDUNGMALANG KECAMATAN SUMBANG KABUPATEN BANYUMAS,Sumbang,Kedungmalang,-7.391283,109.250888,95.92,> 75%,2130.4427670838545,154.05629283040858,537.919317752145,7.372732133552466,0,0,1,2,0.00038723741273645457,Rendah
KOPERASI DESA MERAH PUTIH BATUANTEN KECAMATAN CILONGOK KABUPATEN BANYUMAS,Cilongok,Batuanten,-7.434605,109.128733,95.17,> 75%,6025.177272635877,4306.575899030615,8066.997990479118,237.07783934854916,0,0,0,0,0.0028917470399885525,Rendah
KOPERASI DESA MERAH PUTIH PAMIJEN KECAMATAN SOKARAJA KABUPATEN BANYUMAS,Sokaraja,Pamijen,-7.437001,109.272331,95.0,> 75%,542.0339510824845,382.561821170284,135.00992735423816,40.2141243847767,0,4,1,8,7.638598899369325e-05,Rendah
KOPERASI DESA MERAH PUTIH KEMUTUG KIDUL KECAMATAN BATURRADEN KABUPATEN BANYUMAS,Baturraden,Kemutug Kidul,-7.344441,109.236737,94.77,> 75%,1224.7018229942591,1291.6662579086687,182.04788685317152,11.286328322644339,0,0,0,0,0.00034161248818341544,Rendah
KOPERASI DESA MERAH PUTIH KALIWEDI KECAMATAN KEBASEN KABUPATEN BANYUMAS,Kebasen,Kaliwedi,-7.558429,109.232487,94.5,> 75%,4291.779913695081,3884.456536696765,7321.064810601248,17.61923894955809,0,0,0,0,0.0023734247756562713,Rendah
KOPERASI DESA MERAH PUTIH KARANGKLESEM KECAMATAN PEKUNCEN KABUPATEN BANYUMAS,Pekuncen,Karangklesem,-7.377669971,109.0859425,94.12,> 75%,3984.548154790793,2517.0025508350996,10945.130193587876,7.676117922020274,0,0,0,0,0.0026583946918676215,Rendah
KOPERASI DESA MERAH PUTIH CINDAGA KECAMATAN KEBASEN KABUPATEN BANYUMAS,Kebasen,Cindaga,-7.548123623,109.1879779,92.65,> 75%,1941.6520586158958,1397.82017998717,7857.282845200066,47.47954879814918,0,0,0,0,0.0016550315123713883,Rendah
KOPERASI DESA MERAH PUTIH PLANA KECAMATAN SOMAGEDE KABUPATEN BANYUMAS,Somagede,Plana,-7.49021091,109.352713,92.23,> 75%,6133.604305305936,202.66649614995896,5947.313992560017,29.60577599332192,0,0,1,1,0.0019436513765941751,Rendah
KOPERASI DESA MERAH PUTIH KOTAYASA KECAMATAN SUMBANG KABUPATEN BANYUMAS,Sumbang,Kotayasa,-7.3349691,109.2501295,92.12,> 75%,1649.189049889077,1619.541982182877,641.8870710617329,7.304203640733166,0,0,0,0,0.000537515855182294,Rendah
KOPERASI DESA MERAH PUTIH SOKARAJA LOR KECAMATAN SOKARAJA KABUPATEN BANYUMAS,Sokaraja,Sokaraja Lor,-7.448038737,109.2973783,91.79,> 75%,1019.304360874898,788.1149390199953,635.4868434254705,251.08747856990354,0,0,0,2,0.00032589791340303015,Rendah
KOPERASI DESA MERAH PUTIH SIBRAMA KECAMATAN KEMRANJEN KABUPATEN BANYUMAS,Kemranjen,Sibrama,-7.612222517,109.3255292,90.17,> 75%,9597.621778167364,9848.7557441571,13997.021964788928,240.9163702503849,0,0,0,0,0.00527847848229264,Rendah
KOPERASI DESA MERAH PUTIH KEDUNGWULUH KIDUL KECAMATAN PATIKRAJA KABUPATEN BANYUMAS,Patikraja,Kedungwuluh Kidul,-7.471747,109.205289,89.93,> 75%,2027.5193880306797,4493.756675113566,3255.530090892935,10.438849575884706,0,0,0,0,0.001437785581164543,Rendah
KOPERASI DESA MERAH PUTIH KEDUNGBANTENG KECAMATAN KEDUNGBANTENG KABUPATEN BANYUMAS,Kedungbanteng,Kedungbanteng,-7.391537,109.201683,89.32,> 75%,3890.2646464478717,1829.2104937351726,152.21069903750922,5.810713123138054,0,0,0,0,0.0009018082226036961,Rendah
KOPERASI DESA MERAH PUTIH DAWUHAN KECAMATAN BANYUMAS KABUPATEN BANYUMAS,Banyumas,Dawuhan,-7.520468,109.259886,89.06,> 75%,3622.9032949782277,3708.8623929178643,2246.5748309595665,72.68582992283957,0,0,0,0,0.0014633113364174194,Rendah
KOPERASI DESA MERAH PUTIH KARANGRAU KECAMATAN BANYUMAS KABUPATEN BANYUMAS,Banyumas,Karangrau,-7.553994,109.2850227,88.2,> 75%,2776.493520080529,2926.47356711305,6267.343658826142,20.73286719388761,0,0,0,0,0.0017939740414905105,Rendah
KOPERASI DESA MERAH PUTIH WIRADADI KECAMATAN SOKARAJA KABUPATEN BANYUMAS,Sokaraja,Wiradadi,-7.4687467,109.2563505,86.87,> 75%,1990.1277664329898,1166.6164279283498,1256.9899158831836,106.99885877966038,0,0,0,0,0.0006361328437538066,Rendah
KOPERASI DESA MERAH PUTIH WATUAGUNG KECAMATAN TAMBAK KABUPATEN BANYUMAS,Tambak,Watuagung,-7.6005303,109.4117915,85.8,> 75%,14657.176767407851,13982.77055068593,19081.04094926251,10.353700851382754,0,0,0,0,0.007565338166257557,Rendah
KOPERASI DESA MERAH PUTIH KALIURIP KECAMATAN PURWOJATI KABUPATEN BANYUMAS,Purwojati,Kaliurip,-7.4778596,109.085455,85.45,> 75%,7218.561978978909,7132.647521454233,13885.329670418674,132.968666619835,0,0,0,0,0.004405183151604166,Rendah
KOPERASI DESA MERAH PUTIH CIRAHAB KECAMATAN LUMBIR KABUPATEN BANYUMAS,Lumbir,Cirahab,-7.4731388,109.0281529,85.06,> 75%,8684.097747212369,9248.260548997481,19762.96102879493,44.79440150529203,0,0,0,0,0.0058713693679286845,Rendah
KOPERASI DESA MERAH PUTIH PEGALONGAN KECAMATAN PATIKRAJA KABUPATEN BANYUMAS,Patikraja,Pegalongan,-7.4828571,109.2369705,84.88,> 75%,2488.977369562185,3730.3874522173346,1200.5379723147694,101.71584966273623,0,0,0,0,0.0011057421791341824,Rendah
KOPERASI DESA MERAH PUTIH PAMIJEN KECAMATAN BATURRADEN KABUPATEN BANYUMAS,Baturraden,Pamijen,-7.3748333,109.228572,84.44,> 75%,4372.155929653925,1770.6807943075928,631.558564026319,39.66202705763971,0,0,0,0,0.0010571739192158371,Rendah
KOPERASI DESA MERAH PUTIH TAMBAKSARI KIDUL KECAMATAN KEMBARAN KABUPATEN BANYUMAS,Kembaran,Tambaksari Kidul,-7.3990228,109.2595446,84.38,> 75%,1407.3900352407395,1136.5913965972968,871.1656291589388,43.407374709904566,0,0,0,0,0.00045960186279023245,Rendah
KOPERASI DESA MERAH PUTIH KARANGNANGKA KECAMATAN KEDUNGBANTENG KABUPATEN BANYUMAS,Kedungbanteng,Karangnangka,-7.3743813,109.215243,83.59,> 75%,4701.73645786032,2750.6875434245594,135.58618514706703,14.867798319808303,0,0,0,0,0.0011872656657957018,Rendah
KOPERASI DESA MERAH PUTIH KAWUNGCARANG KECAMATAN SUMBANG KABUPATEN BANYUMAS,Sumbang,Kawungcarang,-7.3788984,109.2545148,83.29,> 75%,3478.3460959892927,945.1755695224763,1104.347888419843,48.89864144287366,0,0,0,1,0.0008426295060400105,Rendah
KOPERASI DESA MERAH PUTIH KARANGLO KECAMATAN CILONGOK KABUPATEN BANYUMAS,Cilongok,Karanglo,-7.3959039,109.115048,82.96,> 75%,4438.4359272007205,166.22498190998962,8425.733970662439,68.84087198706166,0,0,5,5,0.00201058341880024,Rendah
KOPERASI DESA MERAH PUTIH KLAPAGADING KECAMATAN WANGON KABUPATEN BANYUMAS,Wangon,Klapagading,-7.5216589,109.0681723,82.66,> 75%,12079.755495022673,5487.573198815013,17604.357123194586,161.56032666558727,0,0,0,0,0.005605604132817248,Rendah
KOPERASI DESA MERAH PUTIH KALISUBE KECAMATAN BANYUMAS KABUPATEN BANYUMAS,Banyumas,Kalisube,-7.5157194,109.2752527,82.39,> 75%,2296.9055384651824,2014.3632160195825,1978.6797304422942,122.97850423973235,0,0,0,0,0.0009314821339215194,Rendah
KOPERASI DESA MERAH PUTIH KARANGANYAR KECAMATAN JATILAWANG KABUPATEN BANYUMAS,Jatilawang,Karanganyar,-7.5442352,109.1412225,82.23,> 75%,6414.109026390012,1492.115901893444,11370.321255443465,17.29363902104719,0,0,0,0,0.003009912303332347,Rendah
KOPERASI DESA MERAH PUTIH PANDAK KECAMATAN SUMPIUH KABUPATEN BANYUMAS,Sumpiuh,Pandak,-7.6137492,109.3393942,80.93,> 75%,10309.202942140757,10639.87294391657,14926.592849734754,20.82662644262483,0,0,0,0,0.005641561828732593,Rendah
KOPERASI DESA MERAH PUTIH LIMPAKUWUS KECAMATAN SUMBANG KABUPATEN BANYUMAS,Sumbang,Limpakuwus,-7.3076195,109.2468132,80.54,> 75%,3129.810029263465,1904.1248232999365,491.3954183537186,150.92606393404193,0,0,0,0,0.0008440953050180086,Rendah
KOPERASI DESA MERAH PUTIH BINANGUN KECAMATAN BANYUMAS KABUPATEN BANYUMAS,Banyumas,Binangun,-7.5369691,109.2465611,79.72,> 75%,4998.536077767857,4930.11286692816,4493.60574662266,7.423548895154909,0,0,0,0,0.0022305025874759534,Rendah
KOPERASI DESA MERAH PUTIH PEKUNDEN KECAMATAN BANYUMAS KABUPATEN BANYUMAS,Banyumas,Pekunden,-7.523129009,109.285301,79.03,> 75%,918.6443862555075,976.9569845448669,3310.145564492612,182.0572128036895,0,1,0,1,0.0007330313372671506,Rendah
KOPERASI DESA MERAH PUTIH PASIR LOR KECAMATAN KARANGLEWAS KABUPATEN BANYUMAS,Karanglewas,Pasir Lor,-7.404529743,109.2030833,78.66,> 75%,2802.1512730977984,1080.9068252849695,176.9028516515978,139.03188823915258,0,0,0,0,0.0006108544084319704,Rendah
KOPERASI DESA MERAH PUTIH KEDUNGUTER KECAMATAN BANYUMAS KABUPATEN BANYUMAS,Banyumas,Kedunguter,-7.5112193,109.2989955,78.53,> 75%,2005.6115812224457,713.0469794436339,3896.5794588304007,10.79533063117479,0,0,0,2,0.0009584603171742535,Rendah
KOPERASI DESA MERAH PUTIH KARANGMANGU KECAMATAN PURWOJATI KABUPATEN BANYUMAS,Purwojati,Karangmangu,-7.479750782,109.1405795,78.34,> 75%,8210.196604355064,4039.6341401946024,8364.763221686804,106.69165405933971,0,0,0,0,0.003277322642250644,Rendah
KOPERASI DESA MERAH PUTIH KARANG TENGAH KECAMATAN BATURRADEN KABUPATEN BANYUMAS,Baturraden,Karang Tengah,-7.344909243,109.2277562,78.22,> 75%,1513.4501021777573,1592.7891297763601,190.16788425877402,94.07284576379645,0,0,0,0,0.00045092766031883824,Rendah
KOPERASI DESA MERAH PUTIH KARANGKEDAWUNG KECAMATAN SOKARAJA KABUPATEN BANYUMAS,Sokaraja,Karangkedawung,-7.454829096,109.2777687,78.05,> 75%,788.4225221970592,298.4370041431893,510.79515130512965,130.46496667197647,0,3,1,3,0.00017627940437840844,Rendah
KOPERASI DESA MERAH PUTIH SOMAKATON KECAMATAN SOMAGEDE KABUPATEN BANYUMAS,Somagede,Somakaton,-7.501286105,109.3447647,77.91,> 75%,5855.89139133068,1461.9129636488767,5950.901555025376,25.494504741059135,0,0,0,0,0.002083957404808346,Rendah
KOPERASI DESA MERAH PUTIH KUTASARI KECAMATAN BATURRADEN KABUPATEN BANYUMAS,Baturraden,Kutasari,-7.384087922,109.2324302,77.86,> 75%,3359.6076228778174,1606.6875671954365,414.91400139295683,6.82747870340087,0,0,0,0,0.000811683568293444,Rendah
KOPERASI DESA MERAH PUTIH CIPETE KECAMATAN CILONGOK KABUPATEN BANYUMAS,Cilongok,Cipete,-7.4167909,109.1267119,77.38,> 75%,5322.637591400982,2357.6357703902318,8147.270939726912,21.872350484155195,0,0,0,0,0.0024550756352280855,Rendah
KOPERASI DESA MERAH PUTIH KARANGGUDE KULON KECAMATAN KARANGLEWAS KABUPATEN BANYUMAS,Karanglewas,Karanggude Kulon,-7.410446,109.184558,76.0,> 75%,4467.563057895931,1927.3758736716456,1876.5825143449401,122.75607410979556,0,0,0,0,0.0012969379568230268,Rendah
KOPERASI DESA MERAH PUTIH CIKIDANG KECAMATAN CILONGOK KABUPATEN BANYUMAS,Cilongok,Cikidang,-7.397807,109.124969,75.15,> 75%,5380.74978240827,655.7098328182002,7554.540460246698,76.43465616114979,0,0,0,5,0.002124739649032573,Rendah
KOPERASI DESA MERAH PUTIH SIKAPAT KECAMATAN SUMBANG KABUPATEN BANYUMAS,Sumbang,Sikapat,-7.342811,109.279282,75.11,> 75%,4968.48671248955,2035.784986135193,1612.8541537742747,99.9605395645038,0,0,0,0,0.00136158238419356,Rendah
