kel,No,Nama Koperasi,Koordinat,Provinsi ,Kota,Kecamatan,Desa,Progres Pembangunan (%),Kategori Pembangunan
1,1,KOPERASI DESA MERAH PUTIH LEDUG KECAMATAN KEMBARAN KABUPATEN BANYUMAS,"-7.42665842,109.2748667",JAWA TENGAH,KAB. BANYUMAS,Kembaran,Ledug,100.00,100%
,2,KOPERASI DESA MERAH PUTIH JIPANG KECAMATAN KARANGLEWAS KABUPATEN BANYUMAS,"-7.401390, 109.191585",JAWA TENGAH,KAB. BANYUMAS,Karanglewas,Jipang,100.00,100%
,3,KOPERASI DESA MERAH PUTIH SUSUKAN KECAMATAN SUMBANG KABUPATEN BANYUMAS,"-7.364630982,109.2902862",JAWA TENGAH,KAB. BANYUMAS,Sumbang,Susukan,100.00,100%
,4,KOPERASI DESA MERAH PUTIH SROWOT KECAMATAN KALIBAGOR KABUPATEN BANYUMAS,"-7.508081457,109.3211792",JAWA TENGAH,KAB. BANYUMAS,Kalibagor,Srowot,100.00,100%
,5,KOPERASI DESA MERAH PUTIH GENTAWANGI KECAMATAN JATILAWANG KABUPATEN BANYUMAS,"-7.52340607, 109.1244994",JAWA TENGAH,KAB. BANYUMAS,Jatilawang,Gentawangi,100.00,100%
2,6,KOPERASI DESA MERAH PUTIH KETENGER KECAMATAN BATURRADEN KABUPATEN BANYUMAS,"-7.303035484,109.2122527",JAWA TENGAH,KAB. BANYUMAS,Baturraden,Ketenger,100.00,100%
,7,KOPERASI DESA MERAH PUTIH KALISOGRA WETAN KECAMATAN KALIBAGOR KABUPATEN BANYUMAS,"-7.452219079,109.3235627",JAWA TENGAH,KAB. BANYUMAS,Kalibagor,Kalisogra Wetan,100.00,100%
,8,KOPERASI DESA MERAH PUTIH KUNTILI KECAMATAN SUMPIUH KABUPATEN BANYUMAS,"-7.6208934,109.3469946",JAWA TENGAH,KAB. BANYUMAS,Sumpiuh,Kuntili,100.00,100%
,9,KOPERASI DESA MERAH PUTIH KEMBARAN KECAMATAN KEMBARAN KABUPATEN BANYUMAS,"-7.411884873,109.2891833",JAWA TENGAH,KAB. BANYUMAS,Kembaran,Kembaran,100.00,100%
,10,KOPERASI DESA MERAH PUTIH PREMBUN KECAMATAN TAMBAK KABUPATEN BANYUMAS,"-7.6308009,109.4143741",JAWA TENGAH,KAB. BANYUMAS,Tambak,Prembun,100.00,100%
3,11,KOPERASI DESA MERAH PUTIH KALITAPEN KECAMATAN PURWOJATI KABUPATEN BANYUMAS,"-7.378898, 109.257090",JAWA TENGAH,KAB. BANYUMAS,Purwojati,Kalitapen,100.00,100%
,12,KOPERASI DESA MERAH PUTIH JATISABA KECAMATAN CILONGOK KABUPATEN BANYUMAS,"-7.434605, 109.128733",JAWA TENGAH,KAB. BANYUMAS,Cilongok,Jatisaba,100.00,100%
,13,KOPERASI DESA MERAH PUTIH LESMANA KECAMATAN AJIBARANG KABUPATEN BANYUMAS,"-7.374833, 109.231147",JAWA TENGAH,KAB. BANYUMAS,Ajibarang,Lesmana,100.00,100%
,14,KOPERASI DESA MERAH PUTIH KARANGSALAM KIDUL KECAMATAN KEDUNGBANTENG KABUPATEN BANYUMAS,"7.612223, 109.325529",JAWA TENGAH,KAB. BANYUMAS,Kedungbanteng,Karangsalam Kidul,100.00,100%
,15,KOPERASI DESA MERAH PUTIH PASINGGANGAN KECAMATAN BANYUMAS KABUPATEN BANYUMAS,"-7.471747, 109.205289",JAWA TENGAH,KAB. BANYUMAS,Banyumas,Pasinggangan,100.00,100%
4,16,KOPERASI DESA MERAH PUTIH DUKUHWALUH KECAMATAN KEMBARAN KABUPATEN BANYUMAS,"-7.409390, 109.269227",JAWA TENGAH,KAB. BANYUMAS,Kembaran,Dukuhwaluh,100.00,100%
,17,KOPERASI DESA MERAH PUTIH SOKAWERA KECAMATAN SOMAGEDE KABUPATEN BANYUMAS,"-7.520400, 109.308975",JAWA TENGAH,KAB. BANYUMAS,Somagede,Sokawera,100.00,100%
,18,KOPERASI DESA MERAH PUTIH KANDING KECAMATAN SOMAGEDE KABUPATEN BANYUMAS,"-7.516333, 109.340432",JAWA TENGAH,KAB. BANYUMAS,Somagede,Kanding,100.00,100%
,19,KOPERASI DESA MERAH PUTIH PAJERUKAN KECAMATAN KALIBAGOR KABUPATEN BANYUMAS,"-7.473034, 109.308856",JAWA TENGAH,KAB. BANYUMAS,Kalibagor,Pajerukan,100.00,100%
,20,KOPERASI DESA MERAH PUTIH PEJOGOL KECAMATAN CILONGOK KABUPATEN BANYUMAS,"-7.428019, 109.176441",JAWA TENGAH,KAB. BANYUMAS,Cilongok,Pejogol,100.00,100%
5,21,KOPERASI DESA MERAH PUTIH SUNYALANGU KECAMATAN KARANGLEWAS KABUPATEN BANYUMAS,"-7.366513, 109.174111",JAWA TENGAH,KAB. BANYUMAS,Karanglewas,Sunyalangu,100.00,100%
,22,KOPERASI DESA MERAH PUTIH PAPRINGAN KECAMATAN BANYUMAS KABUPATEN BANYUMAS,"-7.506284, 109.248367",JAWA TENGAH,KAB. BANYUMAS,Banyumas,Papringan,100.00,100%
,23,KOPERASI DESA MERAH PUTIH BABAKAN KECAMATAN KARANGLEWAS KABUPATEN BANYUMAS,"-7.382737, 109.186917",JAWA TENGAH,KAB. BANYUMAS,Karanglewas,Babakan,100.00,100%
,24,KOPERASI DESA MERAH PUTIH MANDIRANCAN KECAMATAN KEBASEN KABUPATEN BANYUMAS,"-7.503641, 109.229784",JAWA TENGAH,KAB. BANYUMAS,Kebasen,Mandirancan,100.00,100%
,25,KOPERASI DESA MERAH PUTIH SOKARAJA WETAN KECAMATAN SOKARAJA KABUPATEN BANYUMAS,"-7.454977, 109.304635",JAWA TENGAH,KAB. BANYUMAS,Sokaraja,Sokaraja Wetan,100.00,100%
6,26,KOPERASI DESA MERAH PUTIH GUMELAR KECAMATAN GUMELAR KABUPATEN BANYUMAS,"-7.373486, 108.978213",JAWA TENGAH,KAB. BANYUMAS,Gumelar,Gumelar,100.00,100%
,27,KOPERASI DESA MERAH PUTIH SAMBENG KULON KECAMATAN KEMBARAN KABUPATEN BANYUMAS,"-7.405459503,109.3023893",JAWA TENGAH,KAB. BANYUMAS,Kembaran,Sambeng Kulon,100.00,100%
,28,KOPERASI DESA MERAH PUTIH LEBENG KECAMATAN SUMPIUH KABUPATEN BANYUMAS,"-7.599445, 109.343995",JAWA TENGAH,KAB. BANYUMAS,Sumpiuh,Lebeng,100.00,100%
,29,KOPERASI DESA MERAH PUTIH KUTALIMAN KECAMATAN KEDUNGBANTENG KABUPATEN BANYUMAS,"-7.364050, 109.213657",JAWA TENGAH,KAB. BANYUMAS,Kedungbanteng,Kutaliman,100.00,100%
,30,KOPERASI DESA MERAH PUTIH TAMANSARI KECAMATAN KARANGLEWAS KABUPATEN BANYUMAS,"-7.438811, 109.189509",JAWA TENGAH,KAB. BANYUMAS,Karanglewas,Tamansari,100.00,100%
7,31,KOPERASI DESA MERAH PUTIH PANDANSARI KECAMATAN AJIBARANG KABUPATEN BANYUMAS,"-7.397196, 108.051142",JAWA TENGAH,KAB. BANYUMAS,Ajibarang,Pandansari,100.00,100%
,32,KOPERASI DESA MERAH PUTIH KALIORI KECAMATAN KALIBAGOR KABUPATEN BANYUMAS,"-7.502011, 109.291565",JAWA TENGAH,KAB. BANYUMAS,Kalibagor,Kaliori,100.00,100%
,33,KOPERASI DESA MERAH PUTIH KARANGKEMIRI KECAMATAN KARANGLEWAS KABUPATEN BANYUMAS,"-7.421225, 109.182055",JAWA TENGAH,KAB. BANYUMAS,Karanglewas,Karangkemiri,100.00,100%
,34,KOPERASI DESA MERAH PUTIH BANTERAN KECAMATAN SUMBANG KABUPATEN BANYUMAS,"-7.362684, 109.260358",JAWA TENGAH,KAB. BANYUMAS,Sumbang,Banteran,100.00,100%
,35,KOPERASI DESA MERAH PUTIH KARANGTENGAH KECAMATAN CILONGOK KABUPATEN BANYUMAS,"-7.350954, 109.124461",JAWA TENGAH,KAB. BANYUMAS,Cilongok,Karangtengah,100.00,100%
8,36,KOPERASI DESA MERAH PUTIH GRUJUGAN KECAMATAN KEMRANJEN KABUPATEN BANYUMAS,"-7.612184583,109.2680809",JAWA TENGAH,KAB. BANYUMAS,Kemranjen,Grujugan,100.00,100%
,37,KOPERASI DESA MERAH PUTIH REMPOAH KECAMATAN BATURRADEN KABUPATEN BANYUMAS,"-7.364450951,109.2372565",JAWA TENGAH,KAB. BANYUMAS,Baturraden,Rempoah,100.00,100%
,38,KOPERASI DESA MERAH PUTIH KEDUNGPRING KECAMATAN KEMRANJEN KABUPATEN BANYUMAS,"-7.6021738,109.331884",JAWA TENGAH,KAB. BANYUMAS,Kemranjen,Kedungpring,100.00,100%
,39,KOPERASI DESA MERAH PUTIH LUMBIR KECAMATAN LUMBIR KABUPATEN BANYUMAS,"-7.4444872,108.9496451",JAWA TENGAH,KAB. BANYUMAS,Lumbir,Lumbir,100.00,100%
,40,KOPERASI DESA MERAH PUTIH BANTERAN KECAMATAN WANGON KABUPATEN BANYUMAS,"-7.50399134,109.068191",JAWA TENGAH,KAB. BANYUMAS,Wangon,Banteran,100.00,100%
9,41,KOPERASI DESA MERAH PUTIH KALICUPAK KIDUL KECAMATAN KALIBAGOR KABUPATEN BANYUMAS,"-7.459519582,109.3272828",JAWA TENGAH,KAB. BANYUMAS,Kalibagor,Kalicupak Kidul,100.00,100%
,42,KOPERASI DESA MERAH PUTIH PEKAJA KECAMATAN KALIBAGOR KABUPATEN BANYUMAS,"-7.478885119,109.2765208",JAWA TENGAH,KAB. BANYUMAS,Kalibagor,Pekaja,100.00,100%
,43,KOPERASI DESA MERAH PUTIH PLIKEN KECAMATAN KEMBARAN KABUPATEN BANYUMAS,"-7.432034265,109.2899708",JAWA TENGAH,KAB. BANYUMAS,Kembaran,Pliken,100.00,100%
,44,KOPERASI DESA MERAH PUTIH KEMUTUG LOR KECAMATAN BATURRADEN KABUPATEN BANYUMAS,"-7.293027865,109.2265056",JAWA TENGAH,KAB. BANYUMAS,Baturraden,Kemutug Lor,100.00,100%
,45,KOPERASI DESA MERAH PUTIH KALIBAGOR KECAMATAN KALIBAGOR KABUPATEN BANYUMAS,"-7.480045646,109.2995621",JAWA TENGAH,KAB. BANYUMAS,Kalibagor,Kalibagor,100.00,100%
10,46,KOPERASI DESA MERAH PUTIH KETANDA KECAMATAN SUMPIUH KABUPATEN BANYUMAS,"-7.585644, 109.348187",JAWA TENGAH,KAB. BANYUMAS,Sumpiuh,Ketanda,100.00,100%
,47,KOPERASI DESA MERAH PUTIH BANJARSARI KECAMATAN AJIBARANG KABUPATEN BANYUMAS,"-7.414182, 109.112624",JAWA TENGAH,KAB. BANYUMAS,Ajibarang,Banjarsari,100.00,100%
,48,KOPERASI DESA MERAH PUTIH CIBANGKONG KECAMATAN PEKUNCEN KABUPATEN BANYUMAS,"-7.392502, 109.046187",JAWA TENGAH,KAB. BANYUMAS,Pekuncen,Cibangkong,100.00,100%
,49,KOPERASI DESA MERAH PUTIH SUDAGARAN KECAMATAN BANYUMAS KABUPATEN BANYUMAS,"-7.518636, 109.293576",JAWA TENGAH,KAB. BANYUMAS,Banyumas,Sudagaran,100.00,100%
,50,KOPERASI DESA MERAH PUTIH CIHONJE KECAMATAN GUMELAR KABUPATEN BANYUMAS,"-7.396113, 108.993284",JAWA TENGAH,KAB. BANYUMAS,Gumelar,Cihonje,100.00,100%
11,51,KOPERASI DESA MERAH PUTIH GUNUNGLURAH KECAMATAN CILONGOK KABUPATEN BANYUMAS,"-7.377036852,109.1535303",JAWA TENGAH,KAB. BANYUMAS,Cilongok,Gununglurah,100.00,100%
,52,KOPERASI DESA MERAH PUTIH KALICUPAK LOR KECAMATAN KALIBAGOR KABUPATEN BANYUMAS,"-7.455923566,109.3271999",JAWA TENGAH,KAB. BANYUMAS,Kalibagor,Kalicupak Lor,100.00,100%
,53,KOPERASI DESA MERAH PUTIH SURO KECAMATAN KALIBAGOR KABUPATEN BANYUMAS,"-7.492747,109.3071467",JAWA TENGAH,KAB. BANYUMAS,Kalibagor,Suro,100.00,100%
,54,KOPERASI DESA MERAH PUTIH MARGASANA KECAMATAN JATILAWANG KABUPATEN BANYUMAS,"-7.53224908,109.1387989",JAWA TENGAH,KAB. BANYUMAS,Jatilawang,Margasana,100.00,100%
,55,KOPERASI DESA MERAH PUTIH CILONGOK KECAMATAN CILONGOK KABUPATEN BANYUMAS,"-7.409165091,109.1440405",JAWA TENGAH,KAB. BANYUMAS,Cilongok,Cilongok,100.00,100%
12,56,KOPERASI DESA MERAH PUTIH RAWALO KECAMATAN RAWALO KABUPATEN BANYUMAS,"-7.535189, 109.178191",JAWA TENGAH,KAB. BANYUMAS,Rawalo,Rawalo,100.00,100%
,57,KOPERASI DESA MERAH PUTIH KALIPUTIH KECAMATAN PURWOJATI KABUPATEN BANYUMAS,"-7.463669, 109.134950",JAWA TENGAH,KAB. BANYUMAS,Purwojati,Kaliputih,100.00,100%
,58,KOPERASI DESA MERAH PUTIH KEBOCORAN KECAMATAN KEDUNGBANTENG KABUPATEN BANYUMAS,"-7.392571, 109.209513",JAWA TENGAH,KAB. BANYUMAS,Kedungbanteng,Kebocoran,100.00,100%
,59,KOPERASI DESA MERAH PUTIH GANDATAPA KECAMATAN SUMBANG KABUPATEN BANYUMAS,"-7.341790, 109.267565",JAWA TENGAH,KAB. BANYUMAS,Sumbang,Gandatapa,100.00,100%
,60,KOPERASI DESA MERAH PUTIH KLAHANG KECAMATAN SOKARAJA KABUPATEN BANYUMAS,"-7.442964, 109.313490",JAWA TENGAH,KAB. BANYUMAS,Sokaraja,Klahang,100.00,100%
13,61,KOPERASI DESA MERAH PUTIH KEBANGGAN KECAMATAN SUMBANG KABUPATEN BANYUMAS,"-7.380195, 109.261371",JAWA TENGAH,KAB. BANYUMAS,Sumbang,Kebanggan,100.00,100%
,62,KOPERASI DESA MERAH PUTIH TAMBAKNEGARA KECAMATAN RAWALO KABUPATEN BANYUMAS,"-7.514477, 109.193989",JAWA TENGAH,KAB. BANYUMAS,Rawalo,Tambaknegara,100.00,100%
,63,KOPERASI DESA MERAH PUTIH GAMBARSARI KECAMATAN KEBASEN KABUPATEN BANYUMAS,"-7.526666, 109.211222",JAWA TENGAH,KAB. BANYUMAS,Kebasen,Gambarsari,100.00,100%
,64,KOPERASI DESA MERAH PUTIH PURWOSARI KECAMATAN BATURRADEN KABUPATEN BANYUMAS,"-7.393290, 109.229668",JAWA TENGAH,KAB. BANYUMAS,Baturraden,Purwosari,100.00,100%
,65,KOPERASI DESA MERAH PUTIH PANGEBATAN KECAMATAN KARANGLEWAS KABUPATEN BANYUMAS,"-7.437000, 109.206212",JAWA TENGAH,KAB. BANYUMAS,Karanglewas,Pangebatan,100.00,100%
14,66,KOPERASI DESA MERAH PUTIH KEBARONGAN KECAMATAN KEMRANJEN KABUPATEN BANYUMAS,"-7.592513, 109.290186",JAWA TENGAH,KAB. BANYUMAS,Kemranjen,Kebarongan,100.00,100%
,67,KOPERASI DESA MERAH PUTIH PESANTREN KECAMATAN TAMBAK KABUPATEN BANYUMAS,"-7.616932, 109.422070",JAWA TENGAH,KAB. BANYUMAS,Tambak,Pesantren,100.00,100%
,68,KOPERASI DESA MERAH PUTIH KARANGNANAS KECAMATAN SOKARAJA KABUPATEN BANYUMAS,"-7.460907, 109.260262",JAWA TENGAH,KAB. BANYUMAS,Sokaraja,Karangnanas,100.00,100%
,69,KOPERASI DESA MERAH PUTIH DAWUHAN KULON KECAMATAN KEDUNGBANTENG KABUPATEN BANYUMAS,"-7.378605, 109.190367",JAWA TENGAH,KAB. BANYUMAS,Kedungbanteng,Dawuhan Kulon,100.00,100%
,70,KOPERASI DESA MERAH PUTIH KARANGGINTUNG KECAMATAN SUMBANG KABUPATEN BANYUMAS,"-7.378225, 109.249194",JAWA TENGAH,KAB. BANYUMAS,Sumbang,Karanggintung,100.00,100%
15,71,KOPERASI DESA MERAH PUTIH LANGGONGSARI KECAMATAN CILONGOK KABUPATEN BANYUMAS,"-7.404197, 109.168380",JAWA TENGAH,KAB. BANYUMAS,Cilongok,Langgongsari,100.00,100%
,72,KOPERASI DESA MERAH PUTIH SOMAGEDE KECAMATAN SOMAGEDE KABUPATEN BANYUMAS,"-7.525607, 109.330369",JAWA TENGAH,KAB. BANYUMAS,Somagede,Somagede,100.00,100%
,73,KOPERASI DESA MERAH PUTIH PANDAK KECAMATAN BATURRADEN KABUPATEN BANYUMAS,"-7.379227, 109.241389",JAWA TENGAH,KAB. BANYUMAS,Baturraden,Pandak,97.09,> 75%
,74,KOPERASI DESA MERAH PUTIH TUMIYANG KECAMATAN PEKUNCEN KABUPATEN BANYUMAS,"-7.322002, 109.120991",JAWA TENGAH,KAB. BANYUMAS,Pekuncen,Tumiyang,96.78,> 75%
,75,KOPERASI DESA MERAH PUTIH KEDUNGMALANG KECAMATAN SUMBANG KABUPATEN BANYUMAS,"-7.391283, 109.250888",JAWA TENGAH,KAB. BANYUMAS,Sumbang,Kedungmalang,95.92,> 75%
16,76,KOPERASI DESA MERAH PUTIH BATUANTEN KECAMATAN CILONGOK KABUPATEN BANYUMAS,"-7.434605, 109.128733",JAWA TENGAH,KAB. BANYUMAS,Cilongok,Batuanten,95.17,> 75%
,77,KOPERASI DESA MERAH PUTIH PAMIJEN KECAMATAN SOKARAJA KABUPATEN BANYUMAS,"-7.437001, 109.272331",JAWA TENGAH,KAB. BANYUMAS,Sokaraja,Pamijen,95.00,> 75%
,78,KOPERASI DESA MERAH PUTIH KEMUTUG KIDUL KECAMATAN BATURRADEN KABUPATEN BANYUMAS,"-7.344441, 109.236737",JAWA TENGAH,KAB. BANYUMAS,Baturraden,Kemutug Kidul,94.77,> 75%
,79,KOPERASI DESA MERAH PUTIH KALIWEDI KECAMATAN KEBASEN KABUPATEN BANYUMAS,"-7.558429, 109.232487",JAWA TENGAH,KAB. BANYUMAS,Kebasen,Kaliwedi,94.50,> 75%
,80,KOPERASI DESA MERAH PUTIH KARANGKLESEM KECAMATAN PEKUNCEN KABUPATEN BANYUMAS,"-7.377669971,109.0859425",JAWA TENGAH,KAB. BANYUMAS,Pekuncen,Karangklesem,94.12,> 75%
17,81,KOPERASI DESA MERAH PUTIH CINDAGA KECAMATAN KEBASEN KABUPATEN BANYUMAS,"-7.548123623,109.1879779",JAWA TENGAH,KAB. BANYUMAS,Kebasen,Cindaga,92.65,> 75%
,82,KOPERASI DESA MERAH PUTIH PLANA KECAMATAN SOMAGEDE KABUPATEN BANYUMAS,"-7.49021091,109.352713",JAWA TENGAH,KAB. BANYUMAS,Somagede,Plana,92.23,> 75%
,83,KOPERASI DESA MERAH PUTIH KOTAYASA KECAMATAN SUMBANG KABUPATEN BANYUMAS,"-7.3349691,109.2501295",JAWA TENGAH,KAB. BANYUMAS,Sumbang,Kotayasa,92.12,> 75%
,84,KOPERASI DESA MERAH PUTIH SOKARAJA LOR KECAMATAN SOKARAJA KABUPATEN BANYUMAS,"-7.448038737,109.2973783",JAWA TENGAH,KAB. BANYUMAS,Sokaraja,Sokaraja Lor,91.79,> 75%
,85,KOPERASI DESA MERAH PUTIH SIBRAMA KECAMATAN KEMRANJEN KABUPATEN BANYUMAS,"-7.612222517,109.3255292",JAWA TENGAH,KAB. BANYUMAS,Kemranjen,Sibrama,90.17,> 75%
18,86,KOPERASI DESA MERAH PUTIH KEDUNGWULUH KIDUL KECAMATAN PATIKRAJA KABUPATEN BANYUMAS,"-7.471747, 109.205289",JAWA TENGAH,KAB. BANYUMAS,Patikraja,Kedungwuluh Kidul,89.93,> 75%
,87,KOPERASI DESA MERAH PUTIH KEDUNGBANTENG KECAMATAN KEDUNGBANTENG KABUPATEN BANYUMAS,"-7.391537, 109.201683",JAWA TENGAH,KAB. BANYUMAS,Kedungbanteng,Kedungbanteng,89.32,> 75%
,88,KOPERASI DESA MERAH PUTIH DAWUHAN KECAMATAN BANYUMAS KABUPATEN BANYUMAS,"-7.520468, 109.259886",JAWA TENGAH,KAB. BANYUMAS,Banyumas,Dawuhan,89.06,> 75%
,89,KOPERASI DESA MERAH PUTIH KARANGRAU KECAMATAN BANYUMAS KABUPATEN BANYUMAS,"-7.553994,109.2850227",JAWA TENGAH,KAB. BANYUMAS,Banyumas,Karangrau,88.20,> 75%
,90,KOPERASI DESA MERAH PUTIH WIRADADI KECAMATAN SOKARAJA KABUPATEN BANYUMAS,"-7.4687467,109.2563505",JAWA TENGAH,KAB. BANYUMAS,Sokaraja,Wiradadi,86.87,> 75%
19,91,KOPERASI DESA MERAH PUTIH WATUAGUNG KECAMATAN TAMBAK KABUPATEN BANYUMAS,"-7.6005303,109.4117915",JAWA TENGAH,KAB. BANYUMAS,Tambak,Watuagung,85.80,> 75%
,92,KOPERASI DESA MERAH PUTIH KALIURIP KECAMATAN PURWOJATI KABUPATEN BANYUMAS,"-7.4778596,109.085455",JAWA TENGAH,KAB. BANYUMAS,Purwojati,Kaliurip,85.45,> 75%
,93,KOPERASI DESA MERAH PUTIH CIRAHAB KECAMATAN LUMBIR KABUPATEN BANYUMAS,"-7.4731388,109.0281529",JAWA TENGAH,KAB. BANYUMAS,Lumbir,Cirahab,85.06,> 75%
,94,KOPERASI DESA MERAH PUTIH PEGALONGAN KECAMATAN PATIKRAJA KABUPATEN BANYUMAS,"-7.4828571,109.2369705",JAWA TENGAH,KAB. BANYUMAS,Patikraja,Pegalongan,84.88,> 75%
,95,KOPERASI DESA MERAH PUTIH PAMIJEN KECAMATAN BATURRADEN KABUPATEN BANYUMAS,"-7.3748333,109.228572",JAWA TENGAH,KAB. BANYUMAS,Baturraden,Pamijen,84.44,> 75%
20,96,KOPERASI DESA MERAH PUTIH TAMBAKSARI KIDUL KECAMATAN KEMBARAN KABUPATEN BANYUMAS,"-7.3990228,109.2595446",JAWA TENGAH,KAB. BANYUMAS,Kembaran,Tambaksari Kidul,84.38,> 75%
,97,KOPERASI DESA MERAH PUTIH KARANGNANGKA KECAMATAN KEDUNGBANTENG KABUPATEN BANYUMAS,"-7.3743813,109.215243",JAWA TENGAH,KAB. BANYUMAS,Kedungbanteng,Karangnangka,83.59,> 75%
,98,KOPERASI DESA MERAH PUTIH KAWUNGCARANG KECAMATAN SUMBANG KABUPATEN BANYUMAS,"-7.3788984,109.2545148",JAWA TENGAH,KAB. BANYUMAS,Sumbang,Kawungcarang,83.29,> 75%
,99,KOPERASI DESA MERAH PUTIH KARANGLO KECAMATAN CILONGOK KABUPATEN BANYUMAS,"-7.3959039,109.115048",JAWA TENGAH,KAB. BANYUMAS,Cilongok,Karanglo,82.96,> 75%
,100,KOPERASI DESA MERAH PUTIH KLAPAGADING KECAMATAN WANGON KABUPATEN BANYUMAS,"-7.5216589,109.0681723",JAWA TENGAH,KAB. BANYUMAS,Wangon,Klapagading,82.66,> 75%
21,101,KOPERASI DESA MERAH PUTIH KALISUBE KECAMATAN BANYUMAS KABUPATEN BANYUMAS,"-7.5157194,109.2752527",JAWA TENGAH,KAB. BANYUMAS,Banyumas,Kalisube,82.39,> 75%
,102,KOPERASI DESA MERAH PUTIH KARANGANYAR KECAMATAN JATILAWANG KABUPATEN BANYUMAS,"-7.5442352,109.1412225",JAWA TENGAH,KAB. BANYUMAS,Jatilawang,Karanganyar,82.23,> 75%
,103,KOPERASI DESA MERAH PUTIH PANDAK KECAMATAN SUMPIUH KABUPATEN BANYUMAS,"-7.6137492,109.3393942",JAWA TENGAH,KAB. BANYUMAS,Sumpiuh,Pandak,80.93,> 75%
,104,KOPERASI DESA MERAH PUTIH LIMPAKUWUS KECAMATAN SUMBANG KABUPATEN BANYUMAS,"-7.3076195,109.2468132",JAWA TENGAH,KAB. BANYUMAS,Sumbang,Limpakuwus,80.54,> 75%
,105,KOPERASI DESA MERAH PUTIH BINANGUN KECAMATAN BANYUMAS KABUPATEN BANYUMAS,"-7.5369691,109.2465611",JAWA TENGAH,KAB. BANYUMAS,Banyumas,Binangun,79.72,> 75%
22,106,KOPERASI DESA MERAH PUTIH PEKUNDEN KECAMATAN BANYUMAS KABUPATEN BANYUMAS,"-7.523129009,109.285301",JAWA TENGAH,KAB. BANYUMAS,Banyumas,Pekunden,79.03,> 75%
,107,KOPERASI DESA MERAH PUTIH PASIR LOR KECAMATAN KARANGLEWAS KABUPATEN BANYUMAS,"-7.404529743,109.2030833",JAWA TENGAH,KAB. BANYUMAS,Karanglewas,Pasir Lor,78.66,> 75%
,108,KOPERASI DESA MERAH PUTIH KEDUNGUTER KECAMATAN BANYUMAS KABUPATEN BANYUMAS,"-7.5112193,109.2989955",JAWA TENGAH,KAB. BANYUMAS,Banyumas,Kedunguter,78.53,> 75%
,109,KOPERASI DESA MERAH PUTIH KARANGMANGU KECAMATAN PURWOJATI KABUPATEN BANYUMAS,"-7.479750782,109.1405795",JAWA TENGAH,KAB. BANYUMAS,Purwojati,Karangmangu,78.34,> 75%
,110,KOPERASI DESA MERAH PUTIH KARANG TENGAH KECAMATAN BATURRADEN KABUPATEN BANYUMAS,"-7.344909243,109.2277562",JAWA TENGAH,KAB. BANYUMAS,Baturraden,Karang Tengah,78.22,> 75%
23,111,KOPERASI DESA MERAH PUTIH KARANGKEDAWUNG KECAMATAN SOKARAJA KABUPATEN BANYUMAS,"- 7.454829096,109.2777687",JAWA TENGAH,KAB. BANYUMAS,Sokaraja,Karangkedawung,78.05,> 75%
,112,KOPERASI DESA MERAH PUTIH SOMAKATON KECAMATAN SOMAGEDE KABUPATEN BANYUMAS,"-7.501286105,109.3447647",JAWA TENGAH,KAB. BANYUMAS,Somagede,Somakaton,77.91,> 75%
,113,KOPERASI DESA MERAH PUTIH KUTASARI KECAMATAN BATURRADEN KABUPATEN BANYUMAS,"-7.384087922,109.2324302",JAWA TENGAH,KAB. BANYUMAS,Baturraden,Kutasari,77.86,> 75%
,114,KOPERASI DESA MERAH PUTIH CIPETE KECAMATAN CILONGOK KABUPATEN BANYUMAS,"-7.4167909,109.1267119",JAWA TENGAH,KAB. BANYUMAS,Cilongok,Cipete,77.38,> 75%
,115,KOPERASI DESA MERAH PUTIH KARANGGUDE KULON KECAMATAN KARANGLEWAS KABUPATEN BANYUMAS,"-7.410446, 109.184558",JAWA TENGAH,KAB. BANYUMAS,Karanglewas,Karanggude Kulon,76.00,> 75%
,116,KOPERASI DESA MERAH PUTIH CIKIDANG KECAMATAN CILONGOK KABUPATEN BANYUMAS,"-7.397807, 109.124969",JAWA TENGAH,KAB. BANYUMAS,Cilongok,Cikidang,75.15,> 75%
,117,KOPERASI DESA MERAH PUTIH SIKAPAT KECAMATAN SUMBANG KABUPATEN BANYUMAS,"-7.342811, 109.279282",JAWA TENGAH,KAB. BANYUMAS,Sumbang,Sikapat,75.11,> 75%